NIK,Nama,Jenis_Kelamin,Tanggal_Lahir,Alamat,RT,RW,Dusun
7148599171043549,Anastasia Agustina,L,2000-03-23,"Gg. Jayawijaya No. 76, Batam, Sulawesi Selatan 27751",15,8,Dusun Selatan
0200851600099573,Ilyas Pudjiastuti,L,1968-01-22,"Gg. K.H. Wahid Hasyim No. 745, Langsa, Kalimantan Tengah 85137",12,7,Dusun Barat
9412616260197081,"Harjaya Kusumo, S.Gz",P,1972-12-01,"Jl. Gedebage Selatan No. 64, Kota Administrasi Jakarta Timur, Maluku 16777",18,9,Dusun Selatan
5587019605323436,Pia Nugroho,P,1961-05-25,"Gg. Suniaraja No. 972, Banda Aceh, JT 09897",11,9,Dusun Barat
3741354613552288,Lasmono Melani,L,2005-08-12,"Jalan Jend. A. Yani No. 9, Kota Administrasi Jakarta Selatan, Kepulauan Riau 92190",1,1,Dusun Utara
3863481095470925,Heryanto Sitorus,P,1963-09-09,"Gg. Waringin No. 40, Cilegon, MU 07109",19,7,Dusun Barat
7731239342949854,Ade Irawan,P,1959-07-05,"Jl. Pacuan Kuda No. 0, Cimahi, Bali 07449",10,1,Dusun Timur
1874241422443971,Elon Najmudin,P,1965-02-16,"Gg. Stasiun Wonokromo No. 312, Bekasi, Sulawesi Selatan 51523",20,3,Dusun Selatan
9731525899085934,Cindy Prasetyo,L,2006-07-17,"Jalan Veteran No. 46, Bengkulu, Kepulauan Bangka Belitung 66173",8,1,Dusun Utara
9935169974765126,Kusuma Suartini,L,1979-06-25,"Jl. K.H. Wahid Hasyim No. 84, Ternate, Kepulauan Bangka Belitung 87977",4,9,Dusun Utara
5194208926041889,"Marwata Andriani, S.Pt",P,1981-07-06,"Gg. Cikutra Timur No. 90, Tasikmalaya, Lampung 46240",10,10,Dusun Utara
4537813968538237,"T. Luwes Sinaga, S.IP",P,1953-09-10,"Jalan H.J Maemunah No. 4, Kota Administrasi Jakarta Pusat, Jambi 33272",2,7,Dusun Selatan
7625866184304418,Najwa Oktaviani,P,1980-07-09,"Jalan Kutisari Selatan No. 388, Bandung, Nusa Tenggara Timur 69745",4,7,Dusun Timur
3819628099839193,"Siska Prasetya, S.Pd",L,1954-07-12,"Jl. Ciwastra No. 2, Pekalongan, Kalimantan Tengah 99590",8,6,Dusun Timur
2600936730666202,Gabriella Anggraini,P,1957-05-03,"Jl. W.R. Supratman No. 810, Dumai, NT 20158",8,9,Dusun Utara
0800086897180747,Mala Dabukke,L,2004-08-30,"Jalan Pacuan Kuda No. 0, Sungai Penuh, MA 70647",8,4,Dusun Utara
3023918759320949,Dr. Bella Prasasta,L,1971-09-17,"Gg. Gegerkalong Hilir No. 5, Tarakan, Kalimantan Barat 10171",4,9,Dusun Utara
6979590067304259,Jagapati Mayasari,P,1991-02-04,"Gg. Ir. H. Djuanda No. 977, Cilegon, YO 10013",13,6,Dusun Selatan
9060529593960688,"Pia Mansur, S.E.",P,1970-07-20,"Jl. Abdul Muis No. 5, Palangkaraya, DKI Jakarta 24726",16,4,Dusun Selatan
5903694042198466,"Sutan Estiawan Putra, S.Psi",L,1982-09-19,"Jalan M.T Haryono No. 93, Tangerang, Sulawesi Utara 85679",18,3,Dusun Timur
5499234096978355,Lamar Habibi,L,2000-03-19,"Gg. Ciwastra No. 078, Cilegon, Papua 97613",1,7,Dusun Barat
5781106409184389,"Slamet Anggraini, S.E.",L,1998-03-26,"Gang Cempaka No. 36, Probolinggo, Sumatera Barat 27152",4,9,Dusun Barat
1350817287055125,Dian Anggriawan,L,1973-11-19,"Jalan Rawamangun No. 8, Banjar, Sulawesi Tenggara 57220",20,4,Dusun Barat
2309981861461065,R.M. Dadap Permata,P,1992-08-01,"Gg. Suryakencana No. 7, Salatiga, AC 03048",10,10,Dusun Utara
2197368449932068,Hasan Wahyuni,P,1953-04-30,"Jalan Dipatiukur No. 286, Parepare, JT 60730",2,9,Dusun Selatan
7159389746842473,"Zulaikha Maryadi, S.T.",P,1974-07-25,"Jalan Jakarta No. 1, Probolinggo, SN 16125",5,10,Dusun Selatan
8041715827012129,Sadina Kusumo,P,1997-09-21,"Gang Cihampelas No. 66, Palu, Gorontalo 38240",3,9,Dusun Timur
8660501651501046,"dr. Hairyanto Prakasa, S.Ked",P,1959-05-30,"Gang Surapati No. 6, Kota Administrasi Jakarta Timur, Jawa Barat 27349",9,3,Dusun Timur
8894440414624756,Ika Simbolon,L,1974-11-01,"Gang Rajawali Barat No. 950, Bukittinggi, Kalimantan Barat 00018",3,6,Dusun Timur
6581937392773504,dr. Winda Pradipta,L,1997-07-11,"Gg. Gedebage Selatan No. 530, Sungai Penuh, SU 20123",16,5,Dusun Utara
1863276556756824,Latika Nugroho,P,2000-06-03,"Jalan R.E Martadinata No. 0, Kota Administrasi Jakarta Pusat, YO 28752",7,4,Dusun Selatan
1823553875909454,"Ida Pratama, S.Psi",P,1976-04-17,"Gang KH Amin Jasuta No. 809, Manado, KU 72665",13,7,Dusun Timur
2905987325916144,"Umi Oktaviani, M.Kom.",L,1985-04-05,"Jl. Cihampelas No. 438, Magelang, Riau 04687",3,6,Dusun Timur
9080214508036297,Jumari Hutagalung,L,2004-08-04,"Jalan Sadang Serang No. 9, Padangpanjang, Papua 68127",6,4,Dusun Timur
8233151839491560,Damu Yulianti,P,1999-06-08,"Jalan M.H Thamrin No. 7, Bukittinggi, Jambi 55325",7,1,Dusun Timur
1009065927470114,Betania Adriansyah,L,1978-03-12,"Gang Veteran No. 8, Bandung, LA 09785",19,3,Dusun Barat
8407655424084939,"R. Hartana Winarsih, S.I.Kom",P,1958-06-15,"Jalan Soekarno Hatta No. 52, Tangerang, AC 45718",11,10,Dusun Selatan
7430722308605553,Jamalia Mansur,P,1951-12-09,"Gang Kebonjati No. 4, Bekasi, KS 04967",3,9,Dusun Selatan
1474864973724983,"R. Endah Ardianto, S.Gz",P,1949-01-18,"Gang Veteran No. 8, Pangkalpinang, Sumatera Utara 96225",19,5,Dusun Selatan
9569046501946269,Galih Siregar,P,1951-11-01,"Gg. Tebet Barat Dalam No. 4, Bengkulu, Sumatera Barat 93241",11,2,Dusun Barat
5525815401175663,"R.A. Hesti Laksita, S.Kom",P,1987-06-29,"Jl. Soekarno Hatta No. 33, Tebingtinggi, Sumatera Selatan 25619",10,5,Dusun Timur
2944778877992180,Akarsana Natsir,L,1966-07-06,"Gg. H.J Maemunah No. 87, Makassar, JK 62681",20,5,Dusun Timur
2386874038065763,"R. Fitria Puspita, S.Gz",L,1973-09-22,"Jalan Cihampelas No. 0, Dumai, Kalimantan Utara 17844",14,8,Dusun Utara
5099950268286145,"dr. Tasdik Yulianti, S.Kom",L,1987-02-06,"Gang Dipatiukur No. 94, Madiun, Papua 46244",10,2,Dusun Utara
0575335568531643,Usman Purwanti,P,1988-09-07,"Jl. M.H Thamrin No. 94, Kota Administrasi Jakarta Barat, BB 80266",3,4,Dusun Timur
8496021443811618,Eli Prakasa,P,2001-05-28,"Jalan Suniaraja No. 6, Probolinggo, Sulawesi Barat 88763",16,5,Dusun Utara
2252877945644366,"Padmi Yolanda, M.Kom.",L,1950-06-03,"Gang Indragiri No. 397, Tanjungpinang, KS 71806",10,4,Dusun Timur
1100386196632398,"Drs. Nadia Widodo, S.Farm",P,1961-03-13,"Jl. Waringin No. 5, Tidore Kepulauan, KT 20414",8,2,Dusun Utara
7990124553458770,"Dt. Atma Prakasa, M.Farm",L,2007-05-25,"Gang Cihampelas No. 48, Sukabumi, DI Yogyakarta 78038",16,5,Dusun Selatan
8917942241698064,R.M. Adiarja Anggraini,P,1950-12-24,"Gang Kutai No. 7, Tangerang, Sumatera Barat 66103",20,2,Dusun Barat
4032179761061588,Nardi Adriansyah,P,2007-10-24,"Jalan Stasiun Wonokromo No. 61, Bogor, Papua 85584",18,7,Dusun Barat
5972961062426824,Salwa Hidayanto,L,1949-10-18,"Jl. Cikutra Timur No. 368, Semarang, PB 62926",2,2,Dusun Selatan
6762718292439982,"Oman Damanik, M.Ak",P,1956-09-20,"Jl. Cihampelas No. 32, Pematangsiantar, BA 23478",16,8,Dusun Utara
9897318111016603,Zaenab Sirait,P,1999-02-25,"Jl. Otto Iskandardinata No. 053, Kediri, SN 91878",8,4,Dusun Timur
7788972841848981,"R. Padmi Zulkarnain, S.Ked",L,1984-05-11,"Jl. Lembong No. 138, Padang, DKI Jakarta 41272",8,1,Dusun Timur
4773494493001153,Tgk. Jamal Handayani,L,1982-03-15,"Jl. Rawamangun No. 8, Gorontalo, LA 44612",13,5,Dusun Utara
6322613912705679,Kamila Purnawati,L,1976-02-10,"Gg. Setiabudhi No. 10, Mataram, BB 40541",7,10,Dusun Selatan
7423646110663668,Wulan Firmansyah,P,1976-10-11,"Jalan Kendalsari No. 191, Kota Administrasi Jakarta Barat, Aceh 58537",4,4,Dusun Barat
5301335194739808,Hj. Dewi Lazuardi,P,1964-03-06,"Jalan Suryakencana No. 705, Pagaralam, YO 27419",12,9,Dusun Timur
8324920633088393,Iriana Utami,P,1985-08-24,"Jl. Yos Sudarso No. 058, Malang, MA 92698",6,9,Dusun Utara
2741261003328686,Zelaya Jailani,L,1949-12-22,"Gg. Kebonjati No. 07, Ternate, Riau 68952",5,8,Dusun Timur
7903190215729072,"Cut Sarah Suryatmi, S.Ked",L,1974-01-10,"Gang Pelajar Pejuang No. 44, Tual, PA 51696",15,2,Dusun Utara
6265873640177605,"Drs. Eka Sitompul, S.I.Kom",L,1954-09-21,"Gang Veteran No. 11, Pekanbaru, BA 20717",7,1,Dusun Timur
0565379276823076,"Baktianto Astuti, S.E.I",P,1955-11-10,"Gg. Setiabudhi No. 3, Pangkalpinang, Sulawesi Utara 61432",12,3,Dusun Selatan
9309019601598525,Ilsa Usada,L,2006-08-28,"Gang Sukajadi No. 1, Samarinda, KI 01590",6,4,Dusun Barat
3171185107831604,Halim Sitorus,P,1978-05-08,"Gang H.J Maemunah No. 8, Surakarta, Maluku Utara 38922",20,7,Dusun Utara
0923543612635110,Laila Laksita,L,1949-08-25,"Gang Dr. Djunjunan No. 98, Madiun, Papua Barat 48953",10,10,Dusun Selatan
4239933527555581,Ozy Aryani,L,1956-12-19,"Gang Gegerkalong Hilir No. 82, Palangkaraya, Kepulauan Bangka Belitung 40543",19,8,Dusun Timur
9195268620648114,Tira Uwais,P,1963-12-29,"Gang Pacuan Kuda No. 45, Bitung, KI 11969",8,1,Dusun Utara
6995282493356294,Dr. Viktor Wijaya,L,2005-11-11,"Gg. Ciwastra No. 435, Batam, Kalimantan Tengah 08063",10,9,Dusun Timur
9018292559754632,"R. Wani Palastri, S.Ked",P,1983-01-16,"Gg. Dipenogoro No. 2, Pematangsiantar, Kalimantan Barat 57845",12,8,Dusun Barat
5413800740631725,"R.A. Rachel Sudiati, S.Psi",L,1994-02-28,"Gang Raya Ujungberung No. 215, Metro, DI Yogyakarta 84178",3,9,Dusun Barat
3957658160837425,Sutan Jabal Nurdiyanti,P,1959-01-10,"Jl. W.R. Supratman No. 56, Kota Administrasi Jakarta Utara, Lampung 69878",5,10,Dusun Selatan
4546760631441777,R.A. Pia Agustina,P,1981-10-28,"Jalan Pasirkoja No. 5, Solok, KT 77371",12,10,Dusun Utara
1591985624840509,Icha Wacana,P,1973-01-03,"Gg. Jakarta No. 50, Manado, Sumatera Barat 64026",7,7,Dusun Timur
0519407928929581,"Tgk. Diah Haryanti, S.Ked",L,1945-03-31,"Jl. W.R. Supratman No. 414, Depok, Maluku 77125",14,6,Dusun Timur
3181527453839713,"Gaman Saragih, S.Gz",P,1974-05-13,"Gang M.T Haryono No. 94, Batam, Sulawesi Barat 52111",1,6,Dusun Utara
3698076702348102,Silvia Prakasa,L,1956-04-29,"Jl. Suniaraja No. 2, Kota Administrasi Jakarta Selatan, Jambi 46688",2,8,Dusun Timur
2434737921443300,Ciaobella Budiyanto,L,1971-08-19,"Jalan H.J Maemunah No. 94, Yogyakarta, SG 59492",2,3,Dusun Selatan
9043705438430666,Estiawan Kuswoyo,L,1945-08-05,"Gang Jayawijaya No. 283, Pematangsiantar, Sumatera Barat 95943",18,7,Dusun Utara
2607742572231773,Sabar Purwanti,L,1986-12-10,"Gg. Peta No. 1, Cimahi, Maluku Utara 02221",19,5,Dusun Utara
2969343848934372,"Tgk. Titi Mustofa, S.T.",P,1961-10-16,"Gang Sadang Serang No. 49, Bima, KR 33244",3,2,Dusun Utara
5965195818545080,Agus Halim,P,1976-04-11,"Jl. Ronggowarsito No. 0, Jambi, SR 45303",17,1,Dusun Barat
7807627012060203,Puji Winarsih,L,1946-11-15,"Gang Gegerkalong Hilir No. 76, Bau-Bau, SU 07424",18,4,Dusun Barat
8737182744930030,Prasetya Gunawan,L,1994-10-10,"Jalan HOS. Cokroaminoto No. 65, Padang, Riau 59387",3,5,Dusun Utara
0680988417447062,Bakti Suryatmi,P,1948-04-27,"Jl. Gegerkalong Hilir No. 28, Salatiga, Papua 06435",6,1,Dusun Timur
5738280374347677,"Puti Kamaria Agustina, S.Pd",L,1964-01-04,"Jl. Cihampelas No. 56, Tual, SU 08308",20,1,Dusun Timur
5000905986693506,Prayitna Nababan,P,1990-08-07,"Jalan Siliwangi No. 0, Kotamobagu, Sulawesi Utara 50314",10,3,Dusun Utara
7728260520939387,"dr. Jasmani Wacana, S.Sos",P,2002-04-30,"Gg. Jayawijaya No. 80, Banjarmasin, AC 34805",14,9,Dusun Timur
3927079576450656,T. Niyaga Sihotang,P,2005-12-16,"Gang Waringin No. 756, Lubuklinggau, JI 83772",13,9,Dusun Barat
0181491061568180,"R.A. Bella Agustina, S.Pd",L,1958-03-18,"Gang Laswi No. 6, Sungai Penuh, Sulawesi Utara 12259",3,6,Dusun Utara
4955156378127395,Mariadi Yolanda,L,2004-04-20,"Gang Cikutra Timur No. 745, Bandung, BB 94203",12,7,Dusun Utara
7116118759707277,"R. Galiono Dongoran, S.IP",P,2006-06-01,"Gang Moch. Toha No. 5, Bogor, AC 28207",7,10,Dusun Selatan
7571970161864970,R. Maras Marbun,L,1979-08-25,"Gang Dipenogoro No. 23, Purwokerto, Jambi 39461",1,8,Dusun Utara
3997655946808398,"Jarwa Wahyuni, S.Sos",P,1953-10-26,"Gang Medokan Ayu No. 960, Surakarta, YO 23772",3,6,Dusun Barat
3087287128942580,Waluyo Padmasari,P,1990-12-14,"Gg. Otto Iskandardinata No. 168, Solok, Sumatera Utara 60520",6,3,Dusun Barat
4231726251080745,Janet Tampubolon,P,2002-02-19,"Jalan Cihampelas No. 1, Bontang, SS 14313",9,1,Dusun Barat
7578355501115137,Caket Hakim,P,1956-09-11,"Jl. Dr. Djunjunan No. 9, Medan, Jawa Tengah 86567",2,9,Dusun Selatan
6380256592426322,Melinda Saragih,L,1978-07-20,"Gg. Sentot Alibasa No. 20, Serang, BT 57476",18,5,Dusun Utara
6181322839064654,Rahmi Prabowo,P,1977-03-05,"Gg. M.H Thamrin No. 6, Pematangsiantar, Jawa Tengah 64711",17,1,Dusun Selatan
4911764012698100,"R. Tania Mahendra, S.H.",P,1957-10-28,"Gang Monginsidi No. 25, Palangkaraya, SS 57934",19,7,Dusun Barat
9866134071293380,"Jamil Farida, S.H.",P,1970-01-03,"Jl. Ciumbuleuit No. 75, Tomohon, Gorontalo 85421",20,7,Dusun Utara
1431961495965743,dr. Pardi Namaga,L,2001-01-27,"Jl. Setiabudhi No. 402, Sukabumi, BE 49275",14,3,Dusun Timur
8533217413823731,R.A. Salsabila Rajasa,P,1958-07-20,"Jalan Gedebage Selatan No. 822, Kendari, JT 94323",19,7,Dusun Barat
9907504591034306,R.A. Olivia Suryatmi,P,2007-06-14,"Jl. K.H. Wahid Hasyim No. 66, Banjarbaru, SS 30167",8,9,Dusun Utara
0608877648223624,Hana Wijaya,P,1965-11-07,"Jl. Wonoayu No. 03, Salatiga, Nusa Tenggara Barat 65467",3,9,Dusun Utara
1945607169279023,Karimah Pratiwi,L,1946-12-04,"Gang Jend. Sudirman No. 90, Probolinggo, Sulawesi Barat 51300",12,5,Dusun Barat
3314318648584594,Mahesa Maryati,P,2000-05-19,"Gg. Jayawijaya No. 712, Batu, KR 40245",19,8,Dusun Selatan
0392762367515946,Omar Hutasoit,P,1951-11-12,"Jalan KH Amin Jasuta No. 6, Tomohon, Kalimantan Utara 73101",12,1,Dusun Utara
0735188763246461,"dr. Paris Sihombing, M.TI.",P,2004-10-21,"Jalan Rajawali Barat No. 5, Manado, ST 87216",13,10,Dusun Barat
8012744146592052,Saiful Hutasoit,P,2004-12-27,"Gang Pasir Koja No. 99, Balikpapan, Jambi 51728",15,5,Dusun Barat
2150052152242961,Dt. Lasmono Laksita,L,1981-04-26,"Gg. Waringin No. 853, Palembang, Kalimantan Utara 57042",6,5,Dusun Selatan
7013339983327463,Garang Saefullah,L,1985-07-05,"Jalan Ahmad Dahlan No. 24, Surakarta, Kalimantan Barat 56266",8,9,Dusun Timur
6793744201252514,"R. Lurhur Wacana, M.TI.",L,1984-08-30,"Gang Astana Anyar No. 549, Bogor, JA 39237",12,9,Dusun Utara
2655264260136681,Tgk. Tari Oktaviani,P,1985-12-06,"Jalan Kapten Muslihat No. 275, Yogyakarta, LA 44881",7,9,Dusun Timur
3057827557880836,Wulan Mustofa,L,1963-01-18,"Jalan Wonoayu No. 256, Palembang, Sumatera Selatan 65061",4,2,Dusun Selatan
6182372018405726,"H. Cakrabuana Haryanti, M.TI.",P,1955-07-16,"Gg. Antapani Lama No. 2, Tegal, Bengkulu 90143",18,8,Dusun Timur
5547499176635400,"Dr. Bahuwirya Agustina, S.I.Kom",P,1948-02-09,"Jl. Kebonjati No. 487, Tanjungbalai, Jawa Timur 83701",2,5,Dusun Selatan
0897464254244691,Surya Astuti,L,1946-01-19,"Jalan Moch. Ramdan No. 7, Metro, NB 10070",18,2,Dusun Utara
9505931524007380,Ratna Hidayanto,L,1949-06-16,"Gg. Dipenogoro No. 788, Semarang, PA 38021",16,6,Dusun Timur
8275552979942972,Ciaobella Santoso,L,1960-06-20,"Jl. Abdul Muis No. 75, Pontianak, MA 39110",18,6,Dusun Barat
3461800912209250,Cut Tantri Budiyanto,L,1958-07-17,"Jalan Dr. Djunjunan No. 0, Balikpapan, BE 41768",13,7,Dusun Utara
5025808572892968,Kala Iswahyudi,P,1980-11-27,"Gang Cihampelas No. 2, Singkawang, KR 13954",3,7,Dusun Barat
3396453254393763,"R.A. Cindy Wastuti, S.E.I",L,2007-07-31,"Jl. Dipatiukur No. 3, Padangpanjang, Kepulauan Riau 73666",14,10,Dusun Selatan
3524479866292786,Ana Pratama,L,1955-11-30,"Gang Moch. Ramdan No. 8, Pekanbaru, Sulawesi Selatan 57271",20,10,Dusun Utara
8545053006867232,Jaswadi Permata,P,1965-11-20,"Gg. Gedebage Selatan No. 17, Lubuklinggau, BT 85175",15,3,Dusun Timur
2978323933639170,R.A. Azalea Yulianti,P,1975-05-01,"Gang Gedebage Selatan No. 64, Banjarmasin, Sumatera Barat 00664",16,4,Dusun Timur
6468482623740146,"Bancar Pudjiastuti, S.Gz",P,1992-12-24,"Jalan Jamika No. 4, Pasuruan, Aceh 05020",12,3,Dusun Utara
3459882014910442,"Drs. Michelle Uwais, S.H.",P,1995-07-21,"Gg. Kendalsari No. 28, Tebingtinggi, Papua Barat 30855",3,8,Dusun Utara
6142466024980402,Karimah Purnawati,P,1966-11-20,"Gang M.H Thamrin No. 7, Tarakan, LA 91463",4,7,Dusun Utara
4639121221439667,Aurora Siregar,P,1955-02-28,"Jl. Kutai No. 9, Bekasi, SG 17530",17,7,Dusun Barat
1006848836622050,Luluh Hartati,L,1945-10-17,"Jl. Kutai No. 783, Meulaboh, Riau 34460",3,7,Dusun Barat
7281665768018479,Candra Wijaya,L,1976-03-13,"Jl. Ronggowarsito No. 21, Palopo, RI 87951",20,1,Dusun Barat
4201441353610723,Sabrina Prabowo,L,2003-11-13,"Gg. M.H Thamrin No. 845, Banda Aceh, MU 47132",14,7,Dusun Barat
8407300109936179,Teguh Irawan,P,1950-03-27,"Jl. H.J Maemunah No. 354, Kediri, Sulawesi Tengah 62470",1,5,Dusun Utara
1470021214620286,Mala Nurdiyanti,P,1993-06-15,"Gang Rawamangun No. 486, Bukittinggi, JB 06541",11,4,Dusun Utara
2459992713691646,Cakrawangsa Maheswara,L,1944-12-16,"Gang Kutai No. 692, Sorong, RI 59239",9,6,Dusun Utara
6415345641654605,Ir. Jais Setiawan,P,1982-12-26,"Gang Kapten Muslihat No. 72, Pematangsiantar, BE 86060",2,6,Dusun Utara
6450905686241350,Padmi Putra,P,1979-06-16,"Gang Astana Anyar No. 9, Tegal, Sulawesi Tengah 31636",13,2,Dusun Barat
0683786363924858,Cawisadi Budiyanto,P,1956-02-26,"Gg. R.E Martadinata No. 30, Palopo, Sumatera Selatan 95760",20,9,Dusun Timur
8880300043682610,"R.M. Banawi Sirait, M.Ak",L,1972-12-03,"Jl. Suryakencana No. 3, Kota Administrasi Jakarta Utara, Bengkulu 20009",9,10,Dusun Barat
4307570205317346,H. Danu Prastuti,L,1989-02-09,"Jalan Kebonjati No. 77, Surakarta, DKI Jakarta 87091",11,5,Dusun Timur
5725363564857880,Marsito Prayoga,P,1979-04-30,"Jalan Pasir Koja No. 60, Pagaralam, SU 05172",5,4,Dusun Timur
9007250604510910,Caraka Namaga,P,1990-04-06,"Gg. KH Amin Jasuta No. 3, Semarang, JI 27429",8,8,Dusun Selatan
1618522628212502,Uchita Budiman,P,1988-02-04,"Gg. Cihampelas No. 414, Pontianak, Kalimantan Tengah 72839",2,8,Dusun Barat
7281449762382001,Tgk. Melinda Maryadi,P,1980-06-10,"Jalan Rajawali Timur No. 209, Makassar, Kalimantan Barat 59728",11,7,Dusun Utara
0206572692773645,"Vinsen Rajata, S.E.",L,1952-03-12,"Jl. Antapani Lama No. 85, Palangkaraya, Riau 95410",3,5,Dusun Utara
6227175645498333,"R. Tina Palastri, S.I.Kom",P,1950-06-29,"Gg. Dipenogoro No. 70, Cimahi, Kepulauan Riau 20126",12,3,Dusun Timur
0812343675468961,Vicky Fujiati,L,1952-07-18,"Gang Kutai No. 414, Pekanbaru, KR 20691",20,2,Dusun Selatan
6141168498707734,Bajragin Hakim,P,1969-03-27,"Gang Rajiman No. 5, Manado, JK 87984",9,5,Dusun Selatan
3038344522014681,R. Yance Hutapea,L,1968-01-24,"Gang Rungkut Industri No. 2, Banjarbaru, JA 56272",15,9,Dusun Timur
9425375048804425,"dr. Lala Marbun, M.M.",L,1974-04-04,"Gg. Setiabudhi No. 2, Kediri, KI 34538",7,5,Dusun Timur
6899844513978788,Natalia Januar,L,2002-09-14,"Gang Kebonjati No. 500, Banjarbaru, AC 70921",7,9,Dusun Timur
1711880845993925,"Sutan Karsa Hardiansyah, S.Kom",L,2002-01-18,"Jl. Dr. Djunjunan No. 529, Banjarbaru, RI 68394",14,9,Dusun Timur
9590079813812334,Oman Hutagalung,L,1996-03-27,"Jalan Pasirkoja No. 398, Pangkalpinang, KR 70711",8,8,Dusun Utara
9337890499240250,Hamima Astuti,L,2002-08-03,"Gg. Ciumbuleuit No. 658, Ambon, PB 47762",19,6,Dusun Selatan
4592966846111816,"Maimunah Sihotang, S.H.",P,1990-02-15,"Gg. W.R. Supratman No. 371, Bima, RI 22749",6,7,Dusun Timur
8063167312635398,"Uli Yuniar, S.E.I",L,1983-09-06,"Jl. R.E Martadinata No. 69, Payakumbuh, MA 66930",15,9,Dusun Selatan
9875798376857593,Hj. Unjani Aryani,L,1958-05-27,"Gang Raya Ujungberung No. 061, Probolinggo, KI 50423",9,4,Dusun Barat
2300771659000996,Farhunnisa Namaga,L,1991-07-24,"Gang Laswi No. 02, Payakumbuh, AC 78255",2,6,Dusun Timur
3354289813109031,"Drs. Legawa Yolanda, S.T.",P,2007-01-13,"Gang Sentot Alibasa No. 852, Kota Administrasi Jakarta Timur, BE 02514",16,6,Dusun Barat
5844772536160827,R. Puti Saptono,P,1968-05-02,"Jl. Suniaraja No. 724, Prabumulih, Kalimantan Selatan 38698",14,9,Dusun Timur
9892009548512226,Ir. Novi Simanjuntak,P,2002-07-25,"Jl. Setiabudhi No. 87, Bogor, KB 47141",17,1,Dusun Utara
3379385969569273,Carub Uyainah,P,1945-09-09,"Gang Sukabumi No. 799, Pekalongan, Riau 18256",9,9,Dusun Selatan
7704016558346815,"R. Laksana Gunarto, S.Farm",P,1983-08-08,"Jl. M.T Haryono No. 059, Payakumbuh, BT 74825",20,7,Dusun Selatan
2529998110883322,"Dt. Dasa Wijayanti, S.Ked",L,1980-05-02,"Jl. R.E Martadinata No. 07, Padangpanjang, BB 28954",7,8,Dusun Selatan
4332300617791685,"Uli Mandasari, M.Farm",P,2002-11-03,"Jl. Cikutra Barat No. 339, Tanjungbalai, Jawa Tengah 78611",4,5,Dusun Barat
9027399100808572,drg. Puspa Santoso,P,1997-02-17,"Gg. Cikutra Timur No. 755, Palopo, YO 51891",8,7,Dusun Barat
9931851997823169,"Tira Wijaya, S.Pt",P,1945-07-06,"Jalan Kutisari Selatan No. 343, Kota Administrasi Jakarta Utara, KU 95989",5,6,Dusun Timur
7528365069222311,Raden Lestari,P,1949-10-25,"Jl. Raya Ujungberung No. 28, Subulussalam, KR 60431",11,5,Dusun Timur
8076881682149465,"Agnes Mangunsong, M.TI.",L,1975-02-17,"Gang Siliwangi No. 6, Banjarmasin, Bali 08363",11,8,Dusun Timur
0097464934525316,Gamblang Wijaya,L,1996-02-10,"Gang Ahmad Dahlan No. 799, Bogor, Sulawesi Tenggara 82304",5,9,Dusun Selatan
7927975781466439,"Tgk. Mutia Permadi, S.Pt",P,1981-07-04,"Gg. Pasir Koja No. 77, Subulussalam, GO 73843",9,5,Dusun Utara
6960870037259168,Gabriella Saragih,L,1958-09-01,"Gang Merdeka No. 695, Pariaman, Banten 58854",4,5,Dusun Selatan
5063304341982609,Syahrini Januar,P,1964-02-01,"Jalan Sukajadi No. 75, Bengkulu, Kalimantan Timur 02082",17,5,Dusun Timur
0334980734068762,Nasim Prayoga,P,1959-03-21,"Jalan Dipenogoro No. 312, Surakarta, Kalimantan Timur 49764",13,8,Dusun Barat
0539282072072671,Ulya Hardiansyah,L,1996-05-12,"Jl. Kutai No. 32, Kota Administrasi Jakarta Barat, Kepulauan Bangka Belitung 84994",9,10,Dusun Utara
2883355208546411,Queen Pangestu,L,1984-03-26,"Gang Sadang Serang No. 34, Tual, Jawa Timur 05664",15,2,Dusun Utara
2259501315866653,"Dt. Elon Narpati, S.IP",P,1992-06-27,"Gang Pelajar Pejuang No. 147, Lhokseumawe, RI 08048",3,9,Dusun Utara
6192625748223841,"Dr. Wirda Yuliarti, S.Pt",P,1993-05-06,"Jalan Pasirkoja No. 036, Magelang, SU 07380",12,6,Dusun Barat
9607701381977624,Hj. Gabriella Damanik,L,2007-12-04,"Gg. Merdeka No. 9, Padang, Sulawesi Selatan 07109",15,5,Dusun Barat
4867785297686214,Ir. Mila Sitorus,P,1971-07-04,"Gg. Rajiman No. 7, Madiun, SB 99114",18,5,Dusun Timur
6760662078255443,"Hj. Mala Nashiruddin, M.Farm",L,1974-10-04,"Jl. Lembong No. 8, Jambi, LA 48573",11,4,Dusun Barat
9746801068148818,"Jaswadi Hardiansyah, S.H.",L,1953-01-31,"Gang Ciwastra No. 03, Tegal, BT 88645",3,1,Dusun Barat
2216760459340058,Elisa Tampubolon,P,1987-07-08,"Jl. Suniaraja No. 5, Tidore Kepulauan, Banten 56756",14,7,Dusun Utara
2147237434976917,Vero Pratiwi,P,1981-11-08,"Gg. Indragiri No. 844, Banjarmasin, Sulawesi Selatan 05617",8,3,Dusun Barat
8136454021730469,Cawisadi Hartati,L,1953-05-24,"Gang Cikutra Timur No. 5, Serang, YO 66858",18,6,Dusun Selatan
5358201566327053,Tgk. Wawan Najmudin,L,1993-08-20,"Jalan Raya Setiabudhi No. 20, Samarinda, BT 16287",11,5,Dusun Barat
4925361818375947,Galur Maheswara,P,1968-08-14,"Gang Kendalsari No. 891, Tomohon, Maluku 93387",9,1,Dusun Barat
9333424877132441,Aisyah Hasanah,L,1955-04-22,"Gg. Pasir Koja No. 9, Tual, NT 39942",6,8,Dusun Barat
3111542430665189,Dewi Adriansyah,L,1949-01-14,"Jalan Moch. Toha No. 745, Cimahi, Sumatera Selatan 93340",15,1,Dusun Timur
6397864851880483,"Tgk. Humaira Lestari, S.Psi",P,1998-03-31,"Gg. Rajiman No. 2, Madiun, Sumatera Selatan 96311",6,2,Dusun Utara
8044735083598688,"Cakrawala Hutapea, M.Farm",L,1999-07-20,"Gg. Yos Sudarso No. 422, Palu, KU 91335",7,9,Dusun Barat
1462486376580203,Alambana Nugroho,L,1971-08-11,"Jl. Sadang Serang No. 147, Bogor, MA 93840",5,6,Dusun Selatan
6418115067529353,Nadia Andriani,P,1997-01-19,"Gg. Ahmad Yani No. 21, Denpasar, KS 69448",11,4,Dusun Barat
6365894438995147,Kunthara Hastuti,L,1962-09-18,"Jalan Sadang Serang No. 25, Pariaman, PA 59350",7,1,Dusun Timur
3940182568536317,Paramita Wijayanti,P,2008-01-21,"Gang Dipenogoro No. 1, Kotamobagu, Kepulauan Bangka Belitung 86126",10,5,Dusun Timur
2445407070491445,Harimurti Napitupulu,L,1970-10-01,"Jl. Cikapayang No. 2, Banjarmasin, BT 04422",9,9,Dusun Timur
5604617492922960,"Ridwan Maryati, S.Pd",P,2004-11-06,"Gg. Pelajar Pejuang No. 1, Pariaman, DI Yogyakarta 54977",9,6,Dusun Selatan
5271570554558760,"dr. Ulya Yuniar, S.H.",P,2007-05-15,"Gg. Bangka Raya No. 728, Pangkalpinang, NT 30882",13,2,Dusun Utara
9829513984111155,Jinawi Budiman,L,1951-06-29,"Jl. Antapani Lama No. 5, Kota Administrasi Jakarta Pusat, Maluku 96372",5,3,Dusun Barat
7675894221344629,Danu Tampubolon,L,2003-01-23,"Gang Bangka Raya No. 92, Jambi, Gorontalo 61921",10,2,Dusun Timur
7634676691852958,Puspa Anggriawan,L,1956-01-26,"Jl. Veteran No. 51, Solok, Maluku 63477",3,2,Dusun Utara
4538188893298531,"Dr. Garda Santoso, S.H.",P,1968-02-03,"Gang Jamika No. 19, Tarakan, JT 99967",19,6,Dusun Selatan
4806557054966741,Farhunnisa Hartati,P,1968-04-27,"Jl. Surapati No. 80, Tasikmalaya, JB 86412",4,6,Dusun Timur
3334188956031681,Gamanto Adriansyah,L,1959-07-16,"Jl. Cikutra Barat No. 31, Pekalongan, PA 94338",13,5,Dusun Timur
9757101485138608,Widya Mulyani,L,1987-07-08,"Gg. Abdul Muis No. 842, Palopo, YO 87357",15,4,Dusun Selatan
3619736825393179,Gada Rahayu,L,1959-09-28,"Gang Cempaka No. 4, Batam, Papua 37285",2,6,Dusun Selatan
1424126848788285,Amalia Samosir,L,1967-01-21,"Jl. Raya Setiabudhi No. 555, Purwokerto, Maluku Utara 83071",18,8,Dusun Barat
9815131920879353,Almira Nuraini,L,1965-01-24,"Gg. H.J Maemunah No. 498, Manado, RI 05084",12,9,Dusun Timur
1604850351915241,"Dr. Putri Pradipta, S.Kom",L,1964-07-05,"Gang Siliwangi No. 88, Yogyakarta, Kalimantan Utara 99694",11,8,Dusun Selatan
5066191010243519,Wulan Putra,L,1999-10-09,"Jl. Kapten Muslihat No. 5, Bogor, Jawa Timur 95916",19,7,Dusun Utara
5936694537438712,R.A. Vanya Uyainah,P,2002-01-17,"Jalan M.H Thamrin No. 056, Kota Administrasi Jakarta Timur, SN 38804",2,1,Dusun Timur
9591667130749959,R. Kezia Mandala,P,1992-05-14,"Gang Pasteur No. 584, Surakarta, Bali 79766",12,1,Dusun Timur
0884788159511614,"Galuh Nugroho, M.TI.",P,1990-03-22,"Jalan Siliwangi No. 97, Sungai Penuh, KI 48102",11,10,Dusun Timur
5252145056696893,Lala Agustina,P,1962-06-27,"Gang Asia Afrika No. 18, Blitar, Kalimantan Selatan 41558",20,9,Dusun Utara
4630856342640113,Ega Zulaika,L,1988-11-07,"Gang Cikutra Timur No. 5, Yogyakarta, Kalimantan Selatan 77149",9,2,Dusun Barat
6660492685590748,Cut Vicky Namaga,P,1945-09-17,"Jl. Asia Afrika No. 626, Kota Administrasi Jakarta Pusat, Lampung 06816",16,10,Dusun Utara
1691542608760956,"Dt. Parman Pangestu, M.TI.",P,2007-10-28,"Jl. Lembong No. 17, Tegal, JK 62676",20,6,Dusun Timur
5891984249406419,"R.M. Chandra Yuliarti, S.Farm",P,1954-03-19,"Gg. Rumah Sakit No. 24, Probolinggo, Papua Barat 19791",14,8,Dusun Utara
7581208899418604,Kenari Nugroho,P,1971-03-29,"Gg. Ciumbuleuit No. 3, Singkawang, Gorontalo 51282",2,3,Dusun Barat
6429211982192567,"Najwa Haryanto, M.Ak",L,1972-05-12,"Gang Rajawali Timur No. 018, Purwokerto, KR 10453",2,10,Dusun Selatan
9228960141926762,Padma Hidayanto,P,1995-07-16,"Gang Sadang Serang No. 4, Pagaralam, AC 28755",1,9,Dusun Utara
8453431486876652,Asmianto Hutagalung,P,1958-02-22,"Jl. Siliwangi No. 32, Kota Administrasi Jakarta Timur, Kepulauan Riau 46167",10,9,Dusun Timur
3599518040779293,Banara Wacana,P,1985-04-27,"Jalan Asia Afrika No. 10, Bandar Lampung, Bengkulu 31957",6,2,Dusun Timur
4741085700101041,Syahrini Wulandari,L,1973-11-27,"Jl. Dipatiukur No. 76, Purwokerto, YO 36681",3,2,Dusun Utara
7112840526174333,"Tgk. Endra Puspita, S.Kom",L,1982-09-16,"Jalan Asia Afrika No. 03, Langsa, SG 57853",2,8,Dusun Timur
7500086000084911,Puti Prasasta,L,1946-05-30,"Gang Gedebage Selatan No. 662, Kediri, PB 39497",2,4,Dusun Barat
6948877401361405,Embuh Aryani,L,1952-02-25,"Gg. Dipenogoro No. 87, Bandung, SR 53248",7,5,Dusun Selatan
5823978560458588,"Dinda Prayoga, S.I.Kom",P,1993-09-25,"Jalan Abdul Muis No. 6, Banjarmasin, SS 67528",3,4,Dusun Selatan
8213391670678828,"Dr. Gaduh Rajasa, M.M.",P,1954-02-18,"Gg. Sukabumi No. 591, Balikpapan, Sulawesi Barat 77891",8,3,Dusun Barat
6234922267075464,Jessica Adriansyah,L,1996-02-29,"Gang Suniaraja No. 15, Meulaboh, MU 96735",6,6,Dusun Timur
0817234551141991,Latika Astuti,P,1959-11-20,"Gg. Rajawali Barat No. 232, Kota Administrasi Jakarta Selatan, KU 15526",5,3,Dusun Timur
6484166570236755,"Kamaria Hastuti, M.TI.",P,2007-01-09,"Gg. Ciwastra No. 31, Balikpapan, Kalimantan Tengah 19239",12,1,Dusun Selatan
6583448253013172,Warji Mangunsong,P,1971-05-08,"Gang Cikapayang No. 5, Tangerang, Nusa Tenggara Timur 42869",6,8,Dusun Barat
7663505125936259,Radika Wasita,L,1961-09-17,"Jalan Raya Ujungberung No. 7, Purwokerto, KR 51749",8,10,Dusun Timur
4147252996725666,Dt. Galih Wasita,P,1950-08-26,"Jalan Lembong No. 60, Sibolga, BE 03798",5,9,Dusun Selatan
3866146991463783,Zalindra Pranowo,P,2006-05-29,"Gang Suryakencana No. 7, Parepare, DKI Jakarta 75383",11,5,Dusun Utara
2920879505659631,Wani Nashiruddin,L,1991-09-28,"Jl. Antapani Lama No. 105, Tanjungpinang, NT 04174",14,5,Dusun Selatan
8912816239088191,Jumadi Habibi,L,1968-06-24,"Jl. Yos Sudarso No. 51, Mataram, Kalimantan Timur 46282",11,1,Dusun Utara
8825229223856389,Kenari Waluyo,L,1979-07-02,"Jalan Erlangga No. 1, Pangkalpinang, Sulawesi Selatan 23302",14,4,Dusun Utara
3372494635362907,Tgk. Zamira Halim,P,1973-11-22,"Jalan Kutai No. 83, Purwokerto, Nusa Tenggara Barat 16730",12,3,Dusun Timur
4964780725139067,"Jaswadi Maryadi, S.Gz",L,1987-05-25,"Gang Joyoboyo No. 7, Cilegon, Maluku 92843",4,3,Dusun Barat
0850876693524780,Ir. Indra Yulianti,L,1971-02-10,"Gang Sukabumi No. 29, Kotamobagu, Kepulauan Bangka Belitung 73608",8,2,Dusun Barat
6363713965978107,R.A. Humaira Maryati,L,1950-06-08,"Jalan Ahmad Dahlan No. 0, Sungai Penuh, Jambi 56310",7,5,Dusun Selatan
9001076143792308,Cahya Wijaya,L,1958-07-09,"Jalan Dr. Djunjunan No. 5, Pangkalpinang, BB 96298",4,1,Dusun Timur
9687470094245614,"Drs. Laila Waluyo, M.TI.",P,1972-07-03,"Jalan Kutisari Selatan No. 124, Purwokerto, Riau 20544",3,1,Dusun Barat
4280405364146321,"Puti Vicky Dabukke, M.M.",L,1957-04-03,"Gang Abdul Muis No. 8, Tual, Sumatera Selatan 96767",5,4,Dusun Utara
3361177917992590,Michelle Haryanto,L,1961-06-18,"Jalan Kendalsari No. 5, Ambon, PB 96926",15,5,Dusun Selatan
8178803290362531,Ulva Saputra,P,1977-12-18,"Jl. Tebet Barat Dalam No. 491, Solok, Jawa Timur 55540",16,8,Dusun Timur
9316991665859597,T. Lurhur Haryanti,P,1965-11-23,"Jalan K.H. Wahid Hasyim No. 28, Surakarta, SB 63279",1,4,Dusun Selatan
8703540406059830,Rahayu Wahyuni,L,1974-06-27,"Gg. R.E Martadinata No. 15, Cilegon, Kalimantan Barat 10954",11,8,Dusun Selatan
1651760542238578,Rahayu Mansur,L,1970-09-10,"Gang Joyoboyo No. 27, Pekalongan, BE 72647",18,1,Dusun Barat
3668469009903557,Cut Farah Nasyidah,L,1961-06-18,"Jalan Stasiun Wonokromo No. 201, Tangerang, Kalimantan Tengah 97832",6,8,Dusun Selatan
0341432630059580,KH. Balapati Yuliarti,P,2008-05-13,"Jl. M.H Thamrin No. 200, Subulussalam, KU 27957",3,5,Dusun Selatan
7399102957880460,Pardi Halimah,P,2001-10-10,"Gang Pasir Koja No. 13, Ambon, Bali 95844",15,10,Dusun Timur
0002288833139052,"R. Bakidin Agustina, S.E.I",L,1987-08-10,"Jalan H.J Maemunah No. 2, Tebingtinggi, JT 26561",7,7,Dusun Selatan
4696205943363124,"H. Harjasa Rajata, M.Ak",L,1999-07-07,"Jl. Rajiman No. 9, Yogyakarta, Jawa Barat 64898",11,6,Dusun Timur
0544702991955665,"drg. Ganjaran Kurniawan, S.Kom",L,1976-01-19,"Gang Ahmad Dahlan No. 7, Banjarbaru, Jawa Timur 74306",6,7,Dusun Timur
9972776826559587,"Uda Nugroho, S.I.Kom",L,1950-04-11,"Jalan Kendalsari No. 833, Kota Administrasi Jakarta Timur, BB 38859",2,4,Dusun Barat
8013532765402353,Manah Situmorang,P,1997-01-29,"Jl. Waringin No. 2, Samarinda, LA 25620",5,3,Dusun Selatan
7064435175893036,Amelia Nasyidah,P,2005-04-10,"Gg. Rumah Sakit No. 7, Kota Administrasi Jakarta Selatan, Sulawesi Utara 85280",8,4,Dusun Barat
8660221445024091,"Puti Aisyah Januar, S.H.",P,1968-12-04,"Gang Cikapayang No. 51, Pasuruan, Bengkulu 58909",16,1,Dusun Selatan
8879576141131317,"R.A. Winda Halim, S.Kom",P,1947-05-20,"Gg. Ciwastra No. 175, Tomohon, Sumatera Barat 25642",3,1,Dusun Utara
1866453046037368,"Drs. Nilam Pranowo, S.E.I",L,1965-11-22,"Jl. Jamika No. 40, Blitar, RI 64241",3,4,Dusun Selatan
7790921215828673,Adinata Prasasta,L,1983-04-14,"Jl. Sadang Serang No. 8, Probolinggo, Banten 22786",1,1,Dusun Utara
0121722963975295,"Sutan Lasmanto Mandasari, M.Kom.",P,1949-01-18,"Gg. Jamika No. 308, Palembang, BA 07247",11,8,Dusun Timur
5731112147465029,"Caturangga Oktaviani, S.Kom",P,2002-09-21,"Gg. Kutai No. 2, Kota Administrasi Jakarta Selatan, MU 98897",9,7,Dusun Timur
5580975174653035,Hafshah Yuliarti,P,1953-06-19,"Jalan HOS. Cokroaminoto No. 5, Sabang, RI 17719",5,8,Dusun Selatan
8643090422808472,Galuh Wijayanti,P,1980-02-08,"Jl. Cikutra Barat No. 091, Prabumulih, KT 53937",13,2,Dusun Barat
6226184431449021,"Padma Pratiwi, S.Ked",P,1956-07-08,"Gg. Jamika No. 65, Bontang, BT 80681",8,3,Dusun Timur
3738255280807560,"Drs. Artanto Widodo, S.T.",P,1976-05-31,"Gg. Ronggowarsito No. 805, Pekalongan, Maluku Utara 07480",8,8,Dusun Selatan
0674753562745946,Febi Samosir,L,1991-08-09,"Jalan Ciumbuleuit No. 1, Palangkaraya, KI 40466",3,3,Dusun Barat
0659348543995383,Bakti Lazuardi,P,1987-04-30,"Gang Sadang Serang No. 3, Kota Administrasi Jakarta Selatan, SU 71853",4,1,Dusun Timur
1221246245418302,Jamalia Manullang,P,1960-10-06,"Gg. Pasteur No. 621, Bekasi, KU 72262",5,8,Dusun Selatan
8690488818418104,"Lanang Puspasari, S.E.",P,1965-01-06,"Gang BKR No. 001, Sorong, Banten 91282",7,6,Dusun Barat
5034712412024348,Ira Hastuti,L,1968-10-01,"Gg. R.E Martadinata No. 766, Kota Administrasi Jakarta Pusat, BE 13061",12,2,Dusun Barat
5420015230435561,Sabrina Wahyudin,L,1992-08-11,"Jl. Sentot Alibasa No. 5, Serang, KI 48443",7,4,Dusun Timur
9441571267287488,Jaka Pratiwi,L,1968-02-02,"Jalan Pelajar Pejuang No. 6, Palangkaraya, SU 57637",11,7,Dusun Barat
2485548732386253,Pranawa Kusmawati,P,1950-10-18,"Gang Erlangga No. 23, Madiun, Kalimantan Utara 31753",17,4,Dusun Utara
7128495079669618,Ayu Sirait,L,1983-07-22,"Gang Ahmad Dahlan No. 353, Kota Administrasi Jakarta Barat, Papua 27520",9,2,Dusun Timur
1109056540620712,Prabowo Damanik,P,2002-04-27,"Gg. Rawamangun No. 714, Tidore Kepulauan, KB 49736",19,4,Dusun Barat
5635589846298457,Salsabila Kusmawati,L,1957-07-09,"Gang Cempaka No. 328, Kota Administrasi Jakarta Selatan, BE 18097",3,6,Dusun Timur
5216344915601139,"dr. Cinta Namaga, M.M.",L,1980-03-07,"Jl. Setiabudhi No. 5, Bandung, SR 76854",6,5,Dusun Timur
4427093082087263,R. Saadat Latupono,L,1981-01-08,"Jl. Gardujati No. 39, Purwokerto, RI 61201",15,4,Dusun Timur
6150462069939232,Kunthara Rahimah,L,1987-06-14,"Gang Ahmad Yani No. 2, Bukittinggi, Sulawesi Tengah 16613",2,2,Dusun Selatan
1320064141012508,Hj. Puput Winarno,P,1955-01-28,"Jl. Kutisari Selatan No. 6, Salatiga, SR 94861",9,8,Dusun Selatan
8741456907055221,Titin Adriansyah,P,1969-04-12,"Jalan Pacuan Kuda No. 379, Cirebon, SU 31869",15,8,Dusun Barat
3843929480968391,Kezia Permata,P,2001-10-17,"Gg. Rajiman No. 306, Langsa, JI 36110",15,1,Dusun Barat
6530814316703920,"Upik Samosir, M.Pd",L,1950-02-22,"Jalan Sadang Serang No. 429, Purwokerto, BA 42686",8,6,Dusun Utara
5080350063495587,dr. Bakda Prasasta,L,1995-05-10,"Gg. Jend. A. Yani No. 943, Malang, BB 36431",4,8,Dusun Barat
8458037537888291,Putu Waluyo,P,1987-03-30,"Jl. Jakarta No. 4, Banda Aceh, ST 10985",17,3,Dusun Barat
2139350615013677,"Vicky Nainggolan, M.TI.",L,1996-02-02,"Gg. Sentot Alibasa No. 7, Manado, NB 49295",1,5,Dusun Timur
9613105981930630,"Ophelia Tamba, M.TI.",L,1957-01-16,"Gang Bangka Raya No. 9, Magelang, Maluku 73451",1,5,Dusun Timur
6157082044586814,Carla Anggraini,P,1954-05-05,"Jl. Soekarno Hatta No. 30, Bengkulu, Kalimantan Tengah 97741",1,6,Dusun Timur
6435355183401290,Drs. Tiara Suartini,P,1991-01-06,"Jalan Kendalsari No. 1, Probolinggo, KS 49505",3,3,Dusun Barat
4884417290587323,Kartika Fujiati,L,1984-01-05,"Jl. Jamika No. 35, Ambon, Sulawesi Barat 68507",19,4,Dusun Timur
5258124279567903,Gasti Yuliarti,P,1967-09-09,"Gg. Antapani Lama No. 88, Ternate, JK 68526",12,4,Dusun Selatan
5390987694424618,Cut Dewi Irawan,L,1976-11-20,"Jalan Kebonjati No. 177, Serang, KU 01751",12,7,Dusun Selatan
4881064271936846,"Tgk. Aswani Mandasari, S.E.I",L,1956-08-23,"Gg. Kutai No. 1, Prabumulih, JB 59945",5,3,Dusun Barat
0414165383360913,Ismail Halim,L,1986-12-16,"Gang M.T Haryono No. 4, Binjai, DI Yogyakarta 12621",18,8,Dusun Barat
0829297083950545,Cengkir Puspasari,P,1948-01-20,"Gang Jayawijaya No. 144, Tegal, BA 79508",9,2,Dusun Utara
8283944647809886,Dadi Situmorang,P,1974-10-15,"Jalan Indragiri No. 74, Payakumbuh, Bali 35807",12,8,Dusun Selatan
6735681749127784,"Ir. Prabawa Putra, M.Kom.",L,1953-05-12,"Gg. Monginsidi No. 1, Pasuruan, SU 57945",4,2,Dusun Barat
5497349680438016,"Galih Yuniar, M.TI.",P,1947-05-18,"Jalan R.E Martadinata No. 052, Kupang, Sumatera Barat 67742",5,4,Dusun Timur
0003135989915206,"Tgk. Latika Nashiruddin, S.E.I",L,1947-06-18,"Jalan Setiabudhi No. 62, Kota Administrasi Jakarta Selatan, KU 16961",4,8,Dusun Barat
2089986736069768,Gandi Mardhiyah,L,1960-10-31,"Gang Rumah Sakit No. 76, Tomohon, JB 18681",13,2,Dusun Timur
2927749112285608,"Aurora Pertiwi, S.H.",L,1995-12-29,"Gg. Merdeka No. 243, Sungai Penuh, LA 87645",14,3,Dusun Utara
7257544391531334,Cornelia Prayoga,P,1957-11-30,"Jl. PHH. Mustofa No. 8, Batam, Sulawesi Tengah 62359",12,5,Dusun Selatan
3579963060830774,Bakti Budiyanto,P,1965-05-01,"Jalan Lembong No. 11, Tangerang Selatan, KI 72885",4,7,Dusun Barat
2870466052616816,Malik Usamah,L,1982-12-06,"Jl. Cikapayang No. 815, Salatiga, Lampung 06150",20,5,Dusun Timur
4019215486242377,Tgk. Nadia Hidayanto,P,1981-11-06,"Gang Monginsidi No. 2, Cilegon, Papua 22773",13,4,Dusun Timur
8412959658989026,Daryani Rahimah,P,1999-03-19,"Gang Antapani Lama No. 69, Bekasi, ST 47129",14,2,Dusun Barat
8701739782234096,Ratih Haryanti,L,1976-06-11,"Jl. Medokan Ayu No. 7, Mataram, BB 74157",7,2,Dusun Utara
8907308816951136,Puti Andriani,P,1982-04-21,"Gg. Gedebage Selatan No. 00, Lhokseumawe, SS 94250",1,10,Dusun Utara
9184407469087011,Makara Nashiruddin,L,1982-03-18,"Gg. Kendalsari No. 48, Blitar, Jawa Timur 69105",18,2,Dusun Selatan
0795228134349640,Tira Wulandari,P,1948-08-08,"Gang Wonoayu No. 05, Sabang, BB 31508",5,6,Dusun Barat
3731104172211346,"R. Gamanto Siregar, M.TI.",L,1985-08-28,"Gg. Cikutra Timur No. 25, Pekanbaru, DKI Jakarta 17949",8,1,Dusun Utara
3079798524590668,Patricia Maheswara,P,1983-02-22,"Gg. Lembong No. 9, Kendari, Sulawesi Selatan 30740",13,2,Dusun Selatan
8923848276766896,"Balijan Hidayanto, S.I.Kom",P,1961-07-07,"Gang Raya Ujungberung No. 5, Binjai, BE 43487",9,5,Dusun Selatan
5505707176723843,dr. Tasdik Wasita,L,1972-11-24,"Jalan Ronggowarsito No. 46, Cirebon, YO 80531",12,6,Dusun Barat
5499729626086338,Sutan Bakiman Maryati,P,1978-09-20,"Jalan Gegerkalong Hilir No. 56, Batu, SN 06855",2,6,Dusun Selatan
3024145816640731,"Anom Anggriawan, S.I.Kom",L,1949-02-06,"Jalan Sukabumi No. 17, Banda Aceh, Nusa Tenggara Barat 48646",9,6,Dusun Utara
5886270123765724,"Tgk. Tiara Nurdiyanti, M.Pd",L,1950-03-23,"Gang Rajiman No. 68, Bengkulu, AC 05294",16,7,Dusun Timur
3234037434971729,H. Sidiq Mangunsong,P,2004-05-21,"Gang Yos Sudarso No. 7, Tangerang, Nusa Tenggara Timur 61025",19,6,Dusun Utara
4748241892568145,"Karimah Laksmiwati, S.Kom",L,1982-12-30,"Gg. Cihampelas No. 8, Bogor, SS 10198",5,7,Dusun Utara
1305134067651495,"R. Asmuni Prasetyo, S.Gz",L,1988-04-02,"Jalan Cihampelas No. 86, Sabang, Kepulauan Bangka Belitung 98277",11,4,Dusun Selatan
6949222967100276,Umar Tarihoran,L,2005-01-06,"Jalan Tebet Barat Dalam No. 56, Kota Administrasi Jakarta Barat, Kalimantan Barat 06456",5,9,Dusun Selatan
3342157535226615,"Ciaobella Oktaviani, S.Pt",L,1984-11-06,"Gg. Dipenogoro No. 1, Makassar, SR 43422",15,10,Dusun Timur
9285445036746183,dr. Fitriani Uwais,L,1973-06-18,"Gang Pasir Koja No. 31, Bitung, Nusa Tenggara Barat 20542",17,8,Dusun Timur
2590089492307204,Dimas Sihombing,L,1988-02-25,"Gang S. Parman No. 917, Cilegon, PB 38221",20,3,Dusun Timur
3614023753343132,Dewi Aryani,P,1972-05-26,"Gang Antapani Lama No. 42, Solok, KR 17221",16,6,Dusun Utara
5692616783837459,"drg. Ganep Hakim, S.Ked",P,2006-01-13,"Gg. Pacuan Kuda No. 2, Denpasar, JT 75376",12,9,Dusun Utara
2029295279128035,"Melinda Tarihoran, S.H.",P,1993-10-11,"Jl. Sukajadi No. 21, Gorontalo, Kalimantan Barat 10475",2,4,Dusun Barat
9371199201380552,Jefri Rajata,L,1981-12-09,"Jl. Kendalsari No. 025, Denpasar, RI 52602",18,1,Dusun Selatan
2277701387396784,Halim Nasyiah,P,1950-06-17,"Jalan Moch. Ramdan No. 56, Meulaboh, Kalimantan Timur 04315",11,10,Dusun Timur
3805005257919093,"Putri Suryatmi, S.Kom",P,1981-01-15,"Gang S. Parman No. 9, Purwokerto, NB 29200",13,9,Dusun Selatan
6660506374701054,Opan Tarihoran,P,1996-03-17,"Jalan Gegerkalong Hilir No. 1, Bitung, SU 03563",11,10,Dusun Utara
0076887620583812,R. Martaka Hartati,P,1977-01-18,"Jl. Joyoboyo No. 178, Ternate, Kalimantan Utara 86121",4,2,Dusun Selatan
8589452305484882,Dt. Umaya Habibi,L,1965-08-10,"Jl. Sukabumi No. 6, Kupang, Gorontalo 03494",19,4,Dusun Barat
3238565421097752,"Rika Laksita, S.Psi",P,1974-07-17,"Jalan Cempaka No. 56, Sorong, Aceh 12431",13,7,Dusun Barat
9382755108713322,Halim Farida,L,1996-05-20,"Gg. Asia Afrika No. 3, Bontang, RI 97697",4,5,Dusun Barat
7096952091938198,Diah Oktaviani,L,1996-03-20,"Gg. Pasir Koja No. 89, Sawahlunto, Bali 87736",17,10,Dusun Utara
0666766054356491,Septi Simanjuntak,L,1953-04-22,"Jalan Soekarno Hatta No. 2, Bekasi, Kalimantan Barat 30379",2,9,Dusun Utara
1233636908011848,"Cut Ami Prastuti, M.Kom.",P,1967-03-15,"Gang K.H. Wahid Hasyim No. 4, Singkawang, DKI Jakarta 63993",17,5,Dusun Barat
1451700415382897,Usyi Mayasari,P,2007-12-27,"Gg. Lembong No. 28, Palangkaraya, Papua 82324",18,4,Dusun Timur
2427488770980438,Ir. Samiah Novitasari,L,1954-02-20,"Jl. Rungkut Industri No. 8, Binjai, PA 32011",10,3,Dusun Utara
7929802227572907,Ir. Janet Rahimah,L,1971-05-31,"Gg. Ahmad Yani No. 189, Pekalongan, Papua Barat 32494",5,7,Dusun Utara
1799974602895557,Asmianto Haryanti,L,1979-09-22,"Gang Sadang Serang No. 54, Palangkaraya, ST 04596",18,8,Dusun Selatan
8539823642071120,"dr. Zulaikha Handayani, M.M.",P,1957-06-18,"Jalan Jend. Sudirman No. 5, Ambon, PB 96030",10,2,Dusun Timur
3810757414423927,"dr. Drajat Pratiwi, M.Pd",P,1947-01-01,"Gg. Dipatiukur No. 7, Depok, MA 82165",5,7,Dusun Selatan
8366480808127930,"Indra Zulaika, M.Kom.",P,2000-04-11,"Gang KH Amin Jasuta No. 175, Semarang, Maluku Utara 78893",17,3,Dusun Selatan
7750216079740642,R. Harsaya Usamah,P,1946-10-22,"Jl. Abdul Muis No. 6, Bandung, DKI Jakarta 77172",18,6,Dusun Timur
3380320105199615,Lega Sihotang,L,1950-01-22,"Gang Medokan Ayu No. 213, Padang, KU 96417",6,1,Dusun Timur
0242969726430903,"Winda Mandasari, S.Sos",P,1957-01-09,"Jl. Sadang Serang No. 909, Palopo, Sulawesi Barat 70534",18,2,Dusun Barat
4492925088840449,Oni Wijayanti,P,1984-09-14,"Gg. M.T Haryono No. 75, Medan, AC 76970",16,3,Dusun Utara
6179229225311856,dr. Chelsea Prasetya,P,1987-03-22,"Gg. Dipenogoro No. 9, Samarinda, KS 36859",1,7,Dusun Utara
3259566967243621,Mustofa Setiawan,L,1978-04-11,"Jl. Dipenogoro No. 93, Kota Administrasi Jakarta Selatan, Maluku 66787",16,6,Dusun Barat
9103771228871652,Yance Sihombing,L,2006-09-20,"Gang Kebonjati No. 168, Metro, MA 40161",17,5,Dusun Timur
4746233950720641,Hamima Widodo,L,1979-08-26,"Gang Kutisari Selatan No. 9, Purwokerto, Sulawesi Tenggara 82484",6,6,Dusun Utara
2611508233454797,dr. Gilda Latupono,L,2004-01-01,"Jalan H.J Maemunah No. 53, Kota Administrasi Jakarta Timur, DI Yogyakarta 62563",6,6,Dusun Timur
0243215697964455,Rini Budiyanto,L,1945-05-02,"Gang Moch. Ramdan No. 045, Surakarta, Gorontalo 70724",15,1,Dusun Barat
2144270459546879,Ibrani Ramadan,L,2001-06-15,"Gg. Rajiman No. 34, Tebingtinggi, JT 34376",17,7,Dusun Barat
7244406312500476,"dr. Gangsar Palastri, M.Farm",L,1959-05-04,"Jl. Asia Afrika No. 99, Banjarmasin, DI Yogyakarta 15517",19,8,Dusun Timur
7800378822098933,Drs. Rangga Hidayanto,P,1978-04-25,"Gang M.H Thamrin No. 607, Banda Aceh, BA 65019",18,6,Dusun Timur
3395324184265866,"Zelaya Zulaika, M.Farm",L,1956-08-25,"Jl. Gedebage Selatan No. 79, Binjai, JA 02117",1,5,Dusun Selatan
2759865275979377,Ira Maryati,L,1959-08-04,"Jl. Indragiri No. 76, Mataram, Kalimantan Timur 81077",10,1,Dusun Utara
1017160602407383,Ivan Wibowo,P,1967-01-22,"Gang W.R. Supratman No. 111, Yogyakarta, NB 06192",17,6,Dusun Utara
5629626782587060,Pangestu Astuti,L,1999-02-03,"Jl. Erlangga No. 6, Padang, Kalimantan Selatan 64981",15,3,Dusun Barat
1077354492505691,R. Yessi Wastuti,L,1995-06-27,"Jl. Suryakencana No. 400, Kendari, BE 70982",14,7,Dusun Timur
5623632110037961,"dr. Balangga Natsir, S.IP",L,1956-02-25,"Jalan Siliwangi No. 99, Tidore Kepulauan, Sumatera Selatan 96724",10,6,Dusun Selatan
5823749201876758,"Cager Mahendra, S.E.",L,1987-02-24,"Jalan K.H. Wahid Hasyim No. 42, Bau-Bau, KI 93715",10,4,Dusun Barat
4396902324273176,"dr. Widya Prabowo, S.Gz",L,1952-10-29,"Gang Ahmad Yani No. 29, Payakumbuh, Sulawesi Utara 36672",4,7,Dusun Barat
0033581934484962,Pandu Irawan,P,1955-08-21,"Jalan Sukabumi No. 118, Padangpanjang, KR 31565",3,9,Dusun Barat
3513970259624449,Emil Marpaung,P,1988-06-01,"Gg. Indragiri No. 6, Surakarta, JT 58020",13,9,Dusun Utara
7916717432331051,Cinthia Gunawan,P,2006-05-12,"Gg. M.T Haryono No. 1, Tarakan, JA 95986",2,7,Dusun Selatan
7974223175155413,Vanya Winarsih,P,1960-03-22,"Jl. Asia Afrika No. 2, Bandar Lampung, Jambi 36569",12,9,Dusun Timur
8691058754425159,Kenzie Hidayat,L,1956-07-03,"Gg. Waringin No. 7, Tegal, JT 61473",2,1,Dusun Timur
7668816345230052,"Drs. Yuliana Rajata, S.Pt",L,1967-06-18,"Jalan KH Amin Jasuta No. 7, Bima, MU 20434",19,4,Dusun Barat
3166809065341065,Karimah Mayasari,L,1958-10-18,"Jalan Laswi No. 92, Padang, JA 11180",8,7,Dusun Selatan
5810492528565699,Galiono Lazuardi,L,2001-02-12,"Gang Pasir Koja No. 1, Mataram, JI 33637",16,8,Dusun Utara
6707778946106503,Pranata Pranowo,L,1967-05-19,"Gang Raya Ujungberung No. 42, Parepare, Banten 61425",12,6,Dusun Selatan
3743320602756410,Ilyas Andriani,L,1992-03-28,"Jl. Indragiri No. 496, Bandung, Bali 80412",8,5,Dusun Timur
1491014308359222,"R. Talia Hutagalung, S.T.",L,1968-05-16,"Jl. Asia Afrika No. 4, Sabang, Kalimantan Tengah 52006",12,2,Dusun Barat
5011594769356933,Safina Pradipta,L,1983-09-04,"Gg. Astana Anyar No. 3, Cilegon, BB 89425",12,2,Dusun Utara
0374784898993522,T. Kambali Prakasa,P,1958-09-10,"Gang Surapati No. 20, Ambon, MA 48766",15,7,Dusun Timur
7306455407406474,Dinda Uyainah,P,1955-03-29,"Gang Waringin No. 8, Padangpanjang, AC 60728",16,2,Dusun Timur
5130972027102266,R. Hesti Prasetya,L,1945-11-02,"Gang Sukabumi No. 29, Cilegon, Kalimantan Utara 14170",13,4,Dusun Selatan
8696600920266086,Malika Dongoran,L,1991-12-10,"Gang Raya Ujungberung No. 1, Tarakan, JA 82420",20,4,Dusun Utara
9432893150044360,Cahya Uyainah,L,1983-04-26,"Jl. PHH. Mustofa No. 23, Denpasar, SG 60982",20,1,Dusun Utara
4006399414945951,Kiandra Siregar,L,1979-10-12,"Gg. Peta No. 390, Lhokseumawe, Kalimantan Timur 87598",16,6,Dusun Utara
3030429250690144,"Prabu Adriansyah, S.Sos",L,1950-09-16,"Jl. Jend. Sudirman No. 3, Kota Administrasi Jakarta Barat, BA 36437",16,4,Dusun Utara
0644847190086378,Vanya Mardhiyah,L,1969-04-25,"Gang Tubagus Ismail No. 90, Banda Aceh, Papua 74320",11,8,Dusun Utara
6218753967422133,drg. Yahya Marpaung,P,1998-05-25,"Gg. Sukabumi No. 383, Banjarmasin, SN 40144",10,5,Dusun Utara
4254175031988239,Garan Farida,L,1946-12-15,"Jl. Monginsidi No. 28, Kota Administrasi Jakarta Selatan, Bengkulu 53109",13,8,Dusun Timur
9184017871100613,"dr. Banawi Wijayanti, S.Psi",P,2006-12-19,"Gang Suryakencana No. 04, Palopo, SU 75410",7,4,Dusun Selatan
6500678036200242,Usyi Hidayanto,P,1974-04-17,"Jl. Sadang Serang No. 1, Sabang, KI 33451",1,1,Dusun Selatan
0897031712527658,Hasan Mustofa,L,1967-08-15,"Jl. Kutai No. 55, Sabang, YO 62821",7,7,Dusun Barat
6439690451266263,Darmana Usamah,P,1974-08-25,"Gang KH Amin Jasuta No. 64, Dumai, Banten 39583",5,2,Dusun Timur
6062323052397199,Hamzah Rahmawati,P,1982-04-02,"Gg. Kiaracondong No. 70, Tanjungpinang, Kalimantan Tengah 10850",19,1,Dusun Selatan
4219581871411126,"Paramita Pratama, M.Farm",L,1963-06-16,"Jl. Kutisari Selatan No. 510, Padang Sidempuan, Jawa Barat 78218",3,3,Dusun Utara
6652709184708650,Taswir Wulandari,P,1992-08-05,"Gang W.R. Supratman No. 0, Padang, ST 50730",8,3,Dusun Selatan
1710059309181406,"Mahfud Permata, S.Ked",L,1997-11-03,"Jl. Dipatiukur No. 452, Pariaman, ST 82458",9,5,Dusun Selatan
5918576998727878,"Dr. Gamani Waskita, S.Farm",L,1988-01-27,"Gang Kebonjati No. 6, Denpasar, Riau 07389",15,6,Dusun Selatan
1386197976689051,R. Vanesa Firgantoro,P,1952-08-21,"Gg. Jend. Sudirman No. 3, Sorong, KT 07830",20,9,Dusun Timur
8103856969248017,Ratna Puspita,L,1948-12-15,"Gg. Gedebage Selatan No. 799, Tidore Kepulauan, Kalimantan Utara 13713",20,1,Dusun Selatan
1385600740825456,"R. Gilda Yuniar, S.Psi",P,1967-04-13,"Jl. Pacuan Kuda No. 894, Pekalongan, BE 21103",2,8,Dusun Selatan
1921917718122192,Okto Hariyah,L,1972-03-16,"Gang K.H. Wahid Hasyim No. 97, Singkawang, DKI Jakarta 65418",2,9,Dusun Utara
6188304517593484,Sidiq Padmasari,L,1989-10-29,"Gang Lembong No. 040, Samarinda, RI 39964",16,9,Dusun Timur
0779093682139668,Hairyanto Nashiruddin,P,1988-05-07,"Jalan Abdul Muis No. 257, Palu, SB 72419",19,2,Dusun Barat
2055673795587414,Gasti Prasetyo,P,1952-01-18,"Gg. PHH. Mustofa No. 640, Blitar, JA 87907",18,4,Dusun Selatan
0740144872868214,R. Natalia Sihombing,L,1984-01-26,"Gang Pasir Koja No. 01, Surabaya, Kalimantan Tengah 26249",18,10,Dusun Timur
0412676142659974,Ellis Mansur,P,1982-11-21,"Gg. Pasir Koja No. 7, Balikpapan, SN 92769",16,7,Dusun Barat
7312282445964640,Ratih Hutapea,P,1968-06-13,"Gg. Moch. Ramdan No. 21, Kota Administrasi Jakarta Selatan, Kepulauan Bangka Belitung 16516",12,3,Dusun Utara
0433156943913239,Yance Sitompul,P,1998-02-24,"Jl. M.H Thamrin No. 782, Pagaralam, Jambi 75341",2,4,Dusun Timur
3981795827198181,Niyaga Hidayanto,L,1948-08-29,"Jalan Pacuan Kuda No. 7, Tarakan, SN 05292",3,7,Dusun Timur
9665598474232442,Rachel Mardhiyah,P,1963-11-06,"Gang Surapati No. 9, Banjar, Jawa Barat 41543",14,7,Dusun Barat
0309125542445168,"Tgk. Fitriani Lazuardi, M.Kom.",P,2006-11-12,"Jl. Antapani Lama No. 145, Ambon, Sulawesi Tengah 35262",16,6,Dusun Selatan
0863537793555203,Julia Tarihoran,P,1999-03-11,"Jl. Rajiman No. 3, Padang Sidempuan, KI 09274",12,8,Dusun Utara
1195121362044576,Padmi Puspasari,P,1995-08-15,"Jalan Tebet Barat Dalam No. 97, Bitung, Kalimantan Tengah 56789",11,1,Dusun Timur
5536910798924498,Jefri Lazuardi,L,1966-06-10,"Gang Tebet Barat Dalam No. 024, Tangerang Selatan, SU 39817",20,8,Dusun Utara
4247594669890776,R.A. Tiara Dongoran,P,1952-07-27,"Gang Abdul Muis No. 5, Denpasar, BE 57457",9,10,Dusun Barat
3615849380116215,Siti Kusumo,L,1979-08-03,"Gg. Rungkut Industri No. 32, Salatiga, Sumatera Barat 96241",3,7,Dusun Utara
5062143583516380,Raisa Latupono,L,1950-03-24,"Gg. S. Parman No. 1, Ternate, JA 01023",15,3,Dusun Timur
1794390670197602,"Kenzie Nasyidah, S.Ked",L,1971-06-04,"Jalan Lembong No. 18, Metro, Sulawesi Selatan 39803",9,5,Dusun Barat
4320421802843808,Hj. Rina Haryanti,L,1970-09-28,"Gg. Veteran No. 4, Prabumulih, JK 51135",6,5,Dusun Timur
0874470458989635,"Tgk. Dadi Pertiwi, S.Ked",L,1997-11-26,"Gang Sentot Alibasa No. 34, Tangerang, Sulawesi Barat 04200",18,6,Dusun Timur
1495270836994441,Cut Almira Saefullah,L,2005-11-21,"Gang Antapani Lama No. 034, Lhokseumawe, LA 70872",7,5,Dusun Utara
6866939170103955,Drs. Ina Wijaya,L,1998-07-25,"Gg. Rajawali Timur No. 42, Banjarmasin, Sulawesi Barat 81562",13,1,Dusun Barat
3271705921591048,"Luthfi Tarihoran, S.I.Kom",P,1951-08-12,"Jalan Pacuan Kuda No. 7, Metro, Nusa Tenggara Timur 92448",18,3,Dusun Selatan
1215274960994471,Tgk. Tania Winarsih,L,1977-07-23,"Jalan Cikapayang No. 24, Cirebon, Bali 96745",4,6,Dusun Timur
0009445562889972,Raharja Rajata,L,2001-08-22,"Gang Pasteur No. 673, Pematangsiantar, KI 19680",18,5,Dusun Selatan
9270110802703225,Dinda Wijaya,L,1960-11-16,"Jl. Surapati No. 611, Lhokseumawe, KS 90411",8,8,Dusun Barat
6336074012941772,Enteng Yolanda,P,1975-12-16,"Gang Cikutra Barat No. 02, Mojokerto, Jawa Tengah 32083",8,10,Dusun Selatan
8080901326861013,R. Eka Farida,P,1956-07-30,"Gang Kapten Muslihat No. 376, Banjarbaru, JK 88893",15,3,Dusun Selatan
6835827574861361,Kenes Nasyidah,L,1946-12-13,"Jl. M.H Thamrin No. 054, Kota Administrasi Jakarta Utara, JI 56331",18,9,Dusun Barat
1505545246920805,Almira Saefullah,L,1991-06-29,"Gang Kebonjati No. 26, Pekanbaru, Sumatera Utara 62817",10,8,Dusun Timur
2234793101101551,"Paulin Samosir, M.Ak",P,1949-05-26,"Jalan Dipenogoro No. 14, Kota Administrasi Jakarta Selatan, MA 04159",15,1,Dusun Selatan
8205543625162267,"R.A. Cici Siregar, S.Pt",L,1984-01-09,"Jalan Cihampelas No. 322, Palu, SU 08021",18,3,Dusun Utara
5213053233815915,Shakila Saefullah,P,1974-03-25,"Jl. BKR No. 34, Ternate, MU 60925",13,3,Dusun Barat
6640403303089189,Daru Laksmiwati,L,1982-09-17,"Jalan Kebonjati No. 65, Sabang, Nusa Tenggara Barat 33207",2,1,Dusun Barat
2409459325635641,"Victoria Nainggolan, S.Pt",L,1950-07-20,"Jl. Asia Afrika No. 21, Madiun, Sulawesi Selatan 92151",9,1,Dusun Selatan
6628633692739109,"Jaka Yuliarti, S.Pd",P,1984-10-21,"Jalan Dipatiukur No. 57, Makassar, Kepulauan Bangka Belitung 87708",9,8,Dusun Timur
4682662320961107,"Teguh Winarsih, M.M.",L,1953-06-16,"Jl. Cempaka No. 3, Yogyakarta, Aceh 85609",1,6,Dusun Selatan
2261279926640540,Kariman Farida,L,2004-05-23,"Jl. Raya Setiabudhi No. 362, Balikpapan, SG 62717",10,1,Dusun Barat
9056638274163984,Nadia Purwanti,L,1964-05-21,"Jalan Moch. Ramdan No. 0, Bontang, MA 32580",10,4,Dusun Timur
1107675302719478,Kuncara Mayasari,P,2008-08-04,"Jalan Tebet Barat Dalam No. 0, Tegal, NT 07556",10,2,Dusun Barat
2018923788323001,T. Hamzah Wijaya,L,1960-03-17,"Gang Yos Sudarso No. 824, Tomohon, BE 51925",6,9,Dusun Utara
3994735071454394,Julia Fujiati,P,1986-01-28,"Jl. BKR No. 61, Bandung, Sulawesi Tenggara 95643",15,6,Dusun Utara
2136297456901126,Ina Lazuardi,L,1980-02-22,"Gg. Pasirkoja No. 57, Padang, KB 24161",10,10,Dusun Timur
5581088530359588,"Marsudi Hasanah, S.Gz",L,1975-05-23,"Gg. Pasirkoja No. 09, Kota Administrasi Jakarta Pusat, JA 81402",1,6,Dusun Barat
7376745771445927,Zalindra Pudjiastuti,P,1998-08-04,"Gang Asia Afrika No. 20, Tebingtinggi, Bali 20872",16,3,Dusun Timur
6355152702267563,Dr. Surya Wastuti,L,1978-09-05,"Gg. Pasteur No. 8, Padangpanjang, Aceh 47119",17,6,Dusun Utara
1119611283646491,Raditya Damanik,L,1948-01-04,"Jalan Kendalsari No. 69, Bekasi, MU 58144",20,1,Dusun Utara
1036776418133615,"Malika Zulkarnain, S.T.",P,2006-06-26,"Jl. Sadang Serang No. 99, Bandar Lampung, PB 58456",8,10,Dusun Barat
9540562697091724,"R. Tira Prastuti, S.T.",P,1962-01-27,"Jl. Tubagus Ismail No. 832, Tomohon, KS 10422",19,3,Dusun Barat
8590278478608461,Kemba Siregar,L,1976-01-26,"Gang Erlangga No. 3, Probolinggo, Sulawesi Tenggara 00682",9,5,Dusun Utara
7412989497382464,"Dt. Hasta Saptono, S.Pd",L,1956-10-12,"Gang Ahmad Dahlan No. 53, Tasikmalaya, Banten 89674",4,5,Dusun Utara
1586567555655721,Ade Sudiati,P,1989-09-14,"Jl. Joyoboyo No. 875, Tanjungbalai, SU 57966",17,7,Dusun Timur
1501435800553084,"Banawi Widodo, S.E.I",P,1999-08-22,"Gg. Astana Anyar No. 808, Pematangsiantar, PA 68514",17,9,Dusun Timur
4633504168918121,Gantar Hassanah,P,1995-02-08,"Jalan Gegerkalong Hilir No. 2, Kota Administrasi Jakarta Timur, Papua 39291",12,5,Dusun Timur
9419733405553705,Zalindra Ramadan,L,1960-12-11,"Gang Pasteur No. 3, Mojokerto, Sumatera Selatan 00954",4,4,Dusun Selatan
9874998107341041,"Ozy Hidayat, S.Kom",L,1961-01-29,"Jl. Erlangga No. 12, Solok, Jambi 38049",17,6,Dusun Utara
0736518668505174,Ani Saputra,P,1966-03-02,"Gang Cikapayang No. 377, Ambon, LA 76866",14,8,Dusun Utara
3423341171172492,"Ir. Lanang Budiman, S.E.",L,1959-11-15,"Jl. Pasir Koja No. 445, Madiun, Sulawesi Utara 82334",6,1,Dusun Utara
0201641738565169,Cut Maya Purnawati,P,1971-06-01,"Jl. Cikutra Timur No. 674, Magelang, DKI Jakarta 89409",17,9,Dusun Selatan
0105780197398480,Hamima Riyanti,L,1974-09-29,"Jalan Sadang Serang No. 70, Parepare, Jawa Barat 57104",18,6,Dusun Barat
2849410961040309,dr. Prabawa Prabowo,P,1966-08-15,"Gg. Ahmad Yani No. 99, Padangpanjang, Kalimantan Timur 54934",20,10,Dusun Utara
7667023902390358,Laras Latupono,L,1982-02-04,"Jl. H.J Maemunah No. 52, Balikpapan, SB 29881",2,10,Dusun Barat
5417642686395576,Kamila Nasyidah,P,1993-04-25,"Gang Rumah Sakit No. 35, Kota Administrasi Jakarta Selatan, Sulawesi Barat 19186",18,3,Dusun Utara
7714302839787914,Puspa Sudiati,L,1988-10-31,"Gg. Wonoayu No. 57, Sabang, KT 87831",6,4,Dusun Utara
2406538909824802,"Kasiyah Nasyiah, M.TI.",L,1992-05-31,"Gg. Bangka Raya No. 3, Bukittinggi, SS 14398",7,9,Dusun Barat
6312182919918128,"Drs. Langgeng Novitasari, S.Kom",L,1963-05-29,"Gang Dr. Djunjunan No. 30, Tomohon, YO 21294",6,7,Dusun Utara
8431991540865932,Gangsa Yolanda,P,1965-01-10,"Jl. Sadang Serang No. 01, Pariaman, Sumatera Selatan 49979",10,10,Dusun Selatan
9458656348951840,"R.A. Najwa Gunarto, M.Farm",P,1968-08-29,"Jalan Jamika No. 45, Tual, PA 05778",4,5,Dusun Selatan
1324247299523601,Hasna Purnawati,P,1984-05-05,"Gang K.H. Wahid Hasyim No. 7, Pekanbaru, MA 60500",3,4,Dusun Selatan
2048460400877327,"Darmanto Halimah, M.Ak",P,1948-01-23,"Jalan Ronggowarsito No. 8, Bogor, PA 32119",19,9,Dusun Timur
7288623499610889,"Wadi Hasanah, M.Kom.",L,1989-02-12,"Jalan Pelajar Pejuang No. 2, Sukabumi, Jawa Tengah 66633",2,3,Dusun Timur
1769946343230834,Aslijan Laksmiwati,L,1968-10-07,"Jl. Cikutra Barat No. 09, Blitar, SR 64724",3,9,Dusun Utara
1029277988809535,Muhammad Salahudin,L,1964-04-30,"Gang Sadang Serang No. 597, Semarang, Bengkulu 92168",3,9,Dusun Selatan
8027650815282032,Uli Hidayanto,P,1980-05-05,"Gg. W.R. Supratman No. 302, Banjar, MA 10185",12,2,Dusun Selatan
6263719048042313,Lasmono Sihombing,L,1994-02-01,"Jl. Suniaraja No. 20, Kota Administrasi Jakarta Pusat, Kalimantan Utara 38086",18,7,Dusun Barat
9997794368186700,Najwa Jailani,L,1949-04-23,"Gg. Stasiun Wonokromo No. 3, Gorontalo, JB 48807",19,5,Dusun Timur
3127120306717930,"Tgk. Liman Natsir, M.TI.",P,1947-12-24,"Gg. M.T Haryono No. 22, Ternate, Papua 15731",5,10,Dusun Utara
4995848044833098,R.M. Nasim Oktaviani,P,1963-09-15,"Gang KH Amin Jasuta No. 53, Bontang, YO 33698",15,9,Dusun Barat
4815674310639461,Paiman Januar,P,1991-11-19,"Jl. R.E Martadinata No. 3, Subulussalam, Sumatera Selatan 75046",18,7,Dusun Selatan
8216869433277651,Ella Megantara,P,1953-06-16,"Gg. Jayawijaya No. 76, Metro, Jawa Tengah 40495",18,7,Dusun Barat
9801896946034108,Malika Suwarno,P,1994-11-19,"Jl. Cikutra Timur No. 44, Medan, Kalimantan Utara 90425",8,2,Dusun Barat
1478474092036953,Prasetyo Pertiwi,P,1991-10-12,"Gg. Tubagus Ismail No. 7, Subulussalam, Kalimantan Tengah 12241",16,8,Dusun Barat
1625889043845813,"KH. Rahmat Utama, S.H.",P,2007-08-03,"Gg. Rumah Sakit No. 2, Bandung, Sumatera Selatan 70244",11,2,Dusun Selatan
3087522911476176,Fitriani Hartati,L,1983-05-26,"Gg. Tebet Barat Dalam No. 07, Tomohon, Nusa Tenggara Barat 77120",5,5,Dusun Utara
1381157245090903,"Drs. Samiah Latupono, M.Ak",L,1972-07-18,"Gg. Tebet Barat Dalam No. 4, Tidore Kepulauan, PB 06533",16,7,Dusun Timur
6763078853932742,Winda Setiawan,L,1981-08-05,"Jalan Joyoboyo No. 59, Kota Administrasi Jakarta Selatan, BA 88638",6,3,Dusun Barat
1761223659219083,Yahya Handayani,P,1984-06-01,"Gang Jakarta No. 9, Tidore Kepulauan, AC 13685",16,8,Dusun Barat
2906859429722099,Dr. Viktor Halim,P,1994-11-27,"Jl. Moch. Toha No. 74, Kendari, Nusa Tenggara Timur 08685",17,9,Dusun Selatan
2753479999026380,Ir. Lasmanto Siregar,P,1954-12-03,"Jalan K.H. Wahid Hasyim No. 9, Subulussalam, DKI Jakarta 35955",10,10,Dusun Utara
8388167468808816,Mulyanto Winarsih,L,1966-04-26,"Jalan W.R. Supratman No. 648, Bengkulu, KS 44553",18,4,Dusun Selatan
2025875537784012,"Dr. Betania Yolanda, M.Farm",P,1949-02-12,"Gg. Rajawali Barat No. 910, Magelang, DKI Jakarta 36698",20,8,Dusun Utara
5074192156268049,"H. Paiman Budiman, M.Kom.",L,1946-03-04,"Gg. Kutai No. 606, Metro, Riau 25783",3,4,Dusun Utara
3830125516520604,Dr. Almira Hariyah,P,1963-09-15,"Gang Rawamangun No. 161, Pangkalpinang, BA 33825",11,4,Dusun Barat
